Name,Type,Tx,Ty,Tz,Rx,Ry,Rz,Sx,Sy,Sz,Cr,Cg,Cb,Ca,TexName,minX,minY,minZ,maxX,maxY,maxZ,GimmickName,ShaderName,IsLocked,UseMeshCollision,ModelFileName,GimmickParams
Floor,0,-61,-1,4,0,0,0,1000,0.1,1000,0.122306,0.0307574,0.313725,1,white1x1.png,-1,-1,-1,1,1,1,NONE,Default,0,1,,
peak,999,217.5,-6,239.4,0,0,0,40,40,40,1,1,1,1,PEAK.png,-7.40838,-0.60426,-7.34115,7.57752,9.43984,7.68675,NONE,Default,1,1,,
Slope_2,999,-17,1,33,0,0,0,12,3,3,1,1,1,1,white1x1.png,-1,-1,-1,1,1,1,NONE,Default,1,1,Slope/Slope.obj,
Slope_1,999,-34,73,90,-1.571,-1.571,0,8,3,3,1,1,1,1,white1x1.png,-1,-1,-1,1,1,1,NONE,Default,0,1,Slope/Slope.obj,
cube_6,999,-17,1,56,0,0,0,12,3,20,1,1,1,1,white1x1.png,-1,-1,-1,1,1,1,NONE,Default,1,1,cube/cube.obj,
cube_1,999,-17,22,79,0,0,0,12,20,3,1,1,1,1,white1x1.png,-1,-1,-1,1,1,1,NONE,Default,1,1,cube/cube.obj,
cube_3,999,-21,39,90,0,0,0,16,3,8,1,1,1,1,white1x1.png,-1,-1,-1,1,1,1,NONE,Default,1,1,cube/cube.obj,
jumpPad1,999,-17,1.002,73,0,0,0,3,3,3,1,1,1,1,white1x1.png,-1,-1,-1,1,1,1,JumpPadGimmick,JumpPadEnergy,1,1,cube/cube.obj,1,1.3,0.15,1,0.3
jumpopad2,999,-34,39.001,90,0,0,0,3,3,3,1,1,1,1,DEFAULT,-1,-1,-1,1,1,1,JumpPadGimmick,JumpPadEnergy,1,1,cube/cube.obj,1,1.3,0.15,1,0.3
cube_7,999,-40,56,90,0,0,0,3,20,8,1,1,1,1,white1x1.png,-1,-1,-1,1,1,1,NONE,Default,1,1,cube/cube.obj,
1stGoal,999,-10,64,88,0,0,0,20,1,20,1,1,1,1,checkerBoard.png,-1,-1,-1,1,1,1,RespawnPoint,Default,1,1,cube/cube.obj,1,2,0
cube,999,-8,62,128,0,0,0,8,3,20,1,1,1,1,white1x1.png,-1,-1,-1,1,1,1,NONE,Default,0,1,cube/cube.obj,
halfCheckPos,999,326,124,386,0,0,0,3,1,3,0.171184,0.671569,0.391942,1,DEFAULT,-1,-1,-1,1,1,1,RespawnPoint,JumpPadEnergy,1,1,cube/cube.obj,4,2,0
cube_2,999,-32,62,140,0,0,0,16,3,8,1,1,1,1,white1x1.png,-1,-1,-1,1,1,1,NONE,Default,1,1,cube/cube.obj,
cube_4,999,-56,62,154,0,0,0,8,3,22,1,1,1,1,white1x1.png,-1,-1,-1,1,1,1,NONE,Default,1,1,cube/cube.obj,
Slope,999,-56,73,168,0,0,0,8,8,8,1,1,1,1,white1x1.png,-1,-1,-1,1,1,1,NONE,Default,1,1,Slope/Slope.obj,
Ring,999,-56,70,166,-0.785,0,0,10,10,1,1,1,1,1,DEFAULT,-1.25,-1.25,-0.25,1.25,1.25,0.25,BoostRing,Default,1,1,Ring/Ring.obj,1.2,0.25,0.1,1.5,2,0.15,0.3
Slope_3,999,-56,89,184,0,0,0,8,8,8,1,1,1,1,white1x1.png,-1,-1,-1,1,1,1,NONE,Default,1,1,Slope/Slope.obj,
cube_5,999,-56,70,198,0,0,0,8,11,22,1,1,1,1,white1x1.png,-1,-1,-1,1,1,1,NONE,Default,1,1,cube/cube.obj,
cube_8,999,-56,110,226,0,0,0,8,3,40,1,1,1,1,white1x1.png,-1,-1,-1,1,1,1,NONE,Default,1,1,cube/cube.obj,
cube_9,999,-56,78,243,0,0,0,8,3,23,1,1,1,1,white1x1.png,-1,-1,-1,1,1,1,NONE,Default,1,1,cube/cube.obj,
OnOffWell,999,-56,94,263,0,0,0,8,13,3,1,0,0,1,DEFAULT,-1,-1,-1,1,1,1,OnOffComponent,TimedBlock,0,1,cube/cube.obj,1,0,0.2,-0.3,0.2
Switch,999,-56,84,195,0,0,0,3,3,3,1,0,0,1,DEFAULT,-1,-1,-1,1,1,1,OnOffComponent,Default,1,1,cube/cube.obj,0,0,0.2,-0.3,0.2
1stGoal_2,999,-55,80,286,0,0,0,20,1,20,1,1,1,1,checkerBoard.png,-1,-1,-1,1,1,1,RespawnPoint,Default,1,1,cube/cube.obj,2,2,0
cube_10,999,-58,78,329,0,0,0,8,3,23,1,1,1,1,white1x1.png,-1,-1,-1,1,1,1,NONE,Default,1,1,cube/cube.obj,
timeon1,999,-74,80,344,0,0,0,8,1,8,1,1,1,1,DEFAULT,-1,-1,-1,1,1,1,TimedBlock,TimedBlock,1,1,cube/cube.obj,2,0.5,0,1,0.2,0.3
timeoff1,999,-90,80,344,0,0,0,8,1,8,0,1,0.911765,0.35,DEFAULT,-1,-1,-1,1,1,1,TimedBlock,TimedBlock,1,1,cube/cube.obj,2,0.5,0,0,0.2,0.3
timeon2,999,-106,80,376,0,0,0,8,1,8,1,1,1,1,DEFAULT,-1,-1,-1,1,1,1,TimedBlock,TimedBlock,1,1,cube/cube.obj,2,0.5,0,1,0.2,0.3
cube_15,999,-42,80,424,0,0,0,24,1,8,1,1,1,0.35,white1x1.png,-1,-1,-1,1,1,1,NONE,Default,1,1,cube/cube.obj,
Ring_1,999,-26,81,424,0,1.571,0,8,8,1,1,1,1,1,DEFAULT,-1.25,-1.25,-0.25,1.25,1.25,0.25,BoostRing,Default,1,1,Ring/Ring.obj,1.2,0.25,0.1,1.5,2,0.15,0.3
cube_16,999,81,72,426,0,0,0,24,1,8,1,1,1,0.35,white1x1.png,-1,-1,-1,1,1,1,NONE,Default,1,1,cube/cube.obj,
1stGoal_3,999,124,57,458,0,0,0,20,1,20,1,1,1,1,checkerBoard.png,-1,-1,-1,1,1,1,RespawnPoint,Default,1,1,cube/cube.obj,3,2,0
timeon2_1,999,-90,80,360,0,0,0,8,1,8,1,1,1,1,DEFAULT,-1,-1,-1,1,1,1,TimedBlock,TimedBlock,1,1,cube/cube.obj,2,0.5,0,1,0.2,0.3
timeon1_1,999,-74,80,328,0,0,0,8,1,8,1,1,1,1,DEFAULT,-1,-1,-1,1,1,1,TimedBlock,TimedBlock,1,1,cube/cube.obj,2,0.5,0,1,0.2,0.3
timeoff1_1,999,-90,80,328,0,0,0,8,1,8,0.0784314,0.94579,1,0.35,DEFAULT,-1,-1,-1,1,1,1,TimedBlock,TimedBlock,1,1,cube/cube.obj,2,0.5,0,0,0.2,0.3
timeoff1_2,999,-106,80,344,0,0,0,8,1,8,0,0.588235,1,0.35,DEFAULT,-1,-1,-1,1,1,1,TimedBlock,TimedBlock,1,1,cube/cube.obj,2,0.5,0,0,0.2,0.3
timeoff1_3,999,-106,80,328,0,0,0,8,1,8,0.0931373,0.573241,1,0.35,DEFAULT,-1,-1,-1,1,1,1,TimedBlock,TimedBlock,1,1,cube/cube.obj,2,0.5,0,0,0.2,0.3
timeoff1_4,999,-106,80,360,0,0,0,8,1,8,0,0.415802,0.504902,0.35,DEFAULT,-1,-1,-1,1,1,1,TimedBlock,TimedBlock,1,1,cube/cube.obj,2,0.5,0,0,0.2,0.3
timeoff1_5,999,-90,80,376,0,0,0,8,1,8,0.0293397,0.438134,0.544118,0.35,DEFAULT,-1,-1,-1,1,1,1,TimedBlock,TimedBlock,1,1,cube/cube.obj,2,0.5,0,0,0.2,0.3
timeon2_2,999,-90,80,392,0,0,0,8,1,8,1,1,1,1,DEFAULT,-1,-1,-1,1,1,1,TimedBlock,TimedBlock,1,1,cube/cube.obj,2,0.5,0,1,0.2,0.3
timeon2_3,999,-106,80,408,0,0,0,8,1,8,1,1,1,1,DEFAULT,-1,-1,-1,1,1,1,TimedBlock,TimedBlock,1,1,cube/cube.obj,2,0.5,0,1,0.2,0.3
timeoff1_6,999,-106,80,392,0,0,0,8,1,8,0,0.676471,1,0.35,DEFAULT,-1,-1,-1,1,1,1,TimedBlock,TimedBlock,1,1,cube/cube.obj,2,0.5,0,0,0.2,0.3
timeoff1_7,999,-90,80,408,0,0,0,8,1,8,0,0.911765,1,0.35,DEFAULT,-1,-1,-1,1,1,1,TimedBlock,TimedBlock,1,1,cube/cube.obj,2,0.5,0,0,0.2,0.3
timeoff1_8,999,-106,80,424,0,0,0,8,1,8,0,0.911765,1,0.35,DEFAULT,-1,-1,-1,1,1,1,TimedBlock,TimedBlock,1,1,cube/cube.obj,2,0.5,0,0,0.2,0.3
timeon2_4,999,-90,80,424,0,0,0,8,1,8,1,1,1,1,DEFAULT,-1,-1,-1,1,1,1,TimedBlock,TimedBlock,1,1,cube/cube.obj,2,0.5,0,1,0.2,0.3
timeoff1_9,999,-74,80,424,0,0,0,8,1,8,0,1,0.911765,0.35,DEFAULT,-1,-1,-1,1,1,1,TimedBlock,TimedBlock,1,1,cube/cube.obj,2,0.5,0,0,0.2,0.3
timeoff1_10,999,-74,80,408,0,0,0,8,1,8,0,0.764706,1,0.35,DEFAULT,-1,-1,-1,1,1,1,TimedBlock,TimedBlock,1,1,cube/cube.obj,2,0.5,0,0,0.2,0.3
cube_18,999,155,70,548,0,0,0,32,3,8,1,1,1,1,DEFAULT,-1,-1,-1,1,1,1,NONE,Default,0,1,cube/cube.obj,
cube_19,999,313,122,548,0,0,0,30,3,8,1,1,1,1,DEFAULT,-1,-1,-1,1,1,1,NONE,Default,0,1,cube/cube.obj,
Slope_4,999,184,76,548,0,1.571,0,8,3,3,1,1,1,1,DEFAULT,-1,-1,-1,1,1,1,NONE,Default,0,1,Slope/Slope.obj,
Ring_2,999,184,81,547,0,1.571,0,8,8,1,1,1,1,1,DEFAULT,-1.25,-1.25,-0.25,1.25,1.25,0.25,BoostRing,Default,0,1,Ring/Ring.obj,1.2,0.25,0.1,1.5,2,0.15,0.3
cube_20,999,125,54,486,0,0,0,8,3,8,1,1,1,1,DEFAULT,-1,-1,-1,1,1,1,MovingLift,Default,0,1,cube/cube.obj,0,0,5,2,125,54,486
cube_21,999,150,54,502,0,0,0,8,3,8,1,1,1,1,DEFAULT,-1,-1,-1,1,1,1,MovingLift,Default,0,1,cube/cube.obj,0,0,5,2,150,54,502
cube_22,999,134,54,531,0,0,0,8,3,8,1,1,1,1,DEFAULT,-1,-1,-1,1,1,1,MovingLift,Default,0,1,cube/cube.obj,0,0,5,2,134,54,531
cube_23,999,245,110,561,0,0,0.39,65,20,1,1,1,1,1,DEFAULT,-1,-1,-1,1,1,1,NONE,Default,1,1,cube/cube.obj,
cube_24,999,243,110,534,0,0,0.39,65,20,1,1,1,1,1,DEFAULT,-1,-1,-1,1,1,1,NONE,Default,1,1,cube/cube.obj,
cube_25,999,326,122,464.5,0,0,0,8,3,75.6,1,1,1,1,DEFAULT,-1,-1,-1,1,1,1,NONE,Default,1,1,cube/cube.obj,
cube_26,999,192,89,547,0,0,0.39,2,8,8,1,1,1,1,DEFAULT,-1,-1,-1,1,1,1,MovingLift,Default,1,1,cube/cube.obj,0,0,5,2,192,89,547
cube_27,999,206,101,546,0,0,0.39,2,8,8,1,1,1,1,DEFAULT,-1,-1,-1,1,1,1,MovingLift,Default,1,1,cube/cube.obj,0,0,5,2,206,101,546
cube_28,999,218,108,546,0,0,0.39,2,8,8,1,1,1,1,DEFAULT,-1,-1,-1,1,1,1,MovingLift,Default,1,1,cube/cube.obj,0,0,5,2,218,108,546
cube_29,999,234,116,547,0,0,0.39,2,8,8,1,1,1,1,DEFAULT,-1,-1,-1,1,1,1,MovingLift,Default,1,1,cube/cube.obj,0,0,5,2,234,116,547
cube_30,999,248,121,548,0,0,0.39,2,8,8,1,1,1,1,DEFAULT,-1,-1,-1,1,1,1,MovingLift,Default,1,1,cube/cube.obj,0,0,5,2,248,121,548
cube_31,999,336,134,512,0,0,0,2,8,8,1,1,1,1,DEFAULT,-1,-1,-1,1,1,1,MovingLift,Default,0,1,cube/cube.obj,0,0,5,2,336,134,512
cube_32,999,316,134,494,0,0,0,2,8,8,1,1,1,1,DEFAULT,-1,-1,-1,1,1,1,MovingLift,Default,0,1,cube/cube.obj,0,0,5,2,316,134,494
cube_33,999,319,134,455,0,0,0,2,8,8,1,1,1,1,DEFAULT,-1,-1,-1,1,1,1,MovingLift,Default,0,1,cube/cube.obj,0,0,5,2,319,134,455
cube_34,999,318,134,418,0,0,0,2,8,8,1,1,1,1,DEFAULT,-1,-1,-1,1,1,1,MovingLift,Default,0,1,cube/cube.obj,0,0,5,2,318,134,418
cube_35,999,335,134,475,0,0,0,2,8,8,1,1,1,1,DEFAULT,-1,-1,-1,1,1,1,MovingLift,Default,0,1,cube/cube.obj,0,0,5,2,335,134,475
cube_36,999,335,134,436,0,0,0,2,8,8,1,1,1,1,DEFAULT,-1,-1,-1,1,1,1,MovingLift,Default,0,1,cube/cube.obj,0,0,5,2,335,134,436
cube_11,999,-11,-1.89,-7,0,0,0,1,1,1,1,1,1,1,DEFAULT,-1,-1,-1,1,1,1,RespawnPoint,Default,0,1,cube/cube.obj,0,2,0
cube_2,999,-19.2993,1,-4,0,0,0,1,1,1,1,1,1,1,DEFAULT,-1,-1,-1,1,1,1,NONE,Default,0,1,cube/cube.obj,
cube_8,999,331,124,386,0,0,0,2,0.2,2,1,1,1,1,DEFAULT,-1,-1,-1,1,1,1,TimedBlock,TimedBlock,0,1,cube/cube.obj,2,0.5,0,1,0.2,0.3
cube_9,999,335,124,386,0,0,0,2,0.2,2,1,1,1,0.35,DEFAULT,-1,-1,-1,1,1,1,TimedBlock,TimedBlock,0,1,cube/cube.obj,2,0.5,0,0,0.2,0.3
cube_10,999,339,124,386,0,0,0,2,0.2,2,1,1,1,1,DEFAULT,-1,-1,-1,1,1,1,TimedBlock,TimedBlock,0,1,cube/cube.obj,2,0.5,0,1,0.2,0.3
cube_11,999,326,129,400,0,0,0,1,1,1,1,1,1,1,DEFAULT,-1,-1,-1,1,1,1,NONE,Default,0,1,cube/cube.obj,
cube_12,999,347,124,386,0,0,0,2,0.5,2,1,1,1,1,DEFAULT,-1,-1,-1,1,1,1,NONE,Default,0,1,cube/cube.obj,
cube_13,999,327,129,404,0,0,0,1,1,1,1,1,1,1,DEFAULT,-1,-1,-1,1,1,1,NONE,Default,0,1,cube/cube.obj,
cube_14,999,343,124,386,0,0,0,2,0.2,2,1,1,1,0.35,DEFAULT,-1,-1,-1,1,1,1,TimedBlock,TimedBlock,0,1,cube/cube.obj,2,0.5,0,0,0.2,0.3
cube_15,999,347,124,382,0,0,0,2,0.5,2,1,1,1,0.35,DEFAULT,-1,-1,-1,1,1,1,NONE,Default,0,1,cube/cube.obj,
cube_16,999,347,124,374,0,0,0,2,0.2,2,1,1,1,1,DEFAULT,-1,-1,-1,1,1,1,TimedBlock,TimedBlock,0,1,cube/cube.obj,2,0.5,0,1,0.2,0.3
cube_17,999,347,124,378,0,0,0,2,0.2,2,1,1,1,1,DEFAULT,-1,-1,-1,1,1,1,TimedBlock,TimedBlock,0,1,cube/cube.obj,2,0.5,0,1,0.2,0.3
cube_18,999,347,124,370,0,0,0,2,0.2,2,1,1,1,0.35,DEFAULT,-1,-1,-1,1,1,1,TimedBlock,TimedBlock,0,1,cube/cube.obj,2,0.5,0,0,0.2,0.3
cube_19,999,351,124,368,0,0,0,2,0.2,2,1,1,1,0.35,DEFAULT,-1,-1,-1,1,1,1,TimedBlock,TimedBlock,0,1,cube/cube.obj,2,0.5,0,0,0.2,0.3
cube_20,999,355,124,365,0,0,0,2,0.2,2,1,1,1,0.35,DEFAULT,-1,-1,-1,1,1,1,TimedBlock,TimedBlock,0,1,cube/cube.obj,2,0.5,0,0,0.2,0.3
cube_21,999,355,124,369,0,0,0,2,0.2,2,1,1,1,1,DEFAULT,-1,-1,-1,1,1,1,TimedBlock,TimedBlock,0,1,cube/cube.obj,2,0.5,0,1,0.2,0.3
cube_22,999,359,124,365,0,0,0,2,0.2,2,1,1,1,1,DEFAULT,-1,-1,-1,1,1,1,TimedBlock,TimedBlock,0,1,cube/cube.obj,2,0.5,0,1,0.2,0.3
cube_23,999,359,124,369,0,0,0,2,0.2,2,1,1,1,0.35,DEFAULT,-1,-1,-1,1,1,1,TimedBlock,TimedBlock,0,1,cube/cube.obj,2,0.5,0,0,0.2,0.3
cube_26,999,355,124,361,0,0,0,2,0.2,2,1,1,1,1,DEFAULT,-1,-1,-1,1,1,1,TimedBlock,TimedBlock,0,1,cube/cube.obj,2,0.5,0,1,0.2,0.3
cube_27,999,359,124,361,0,0,0,2,0.2,2,1,1,1,0.35,DEFAULT,-1,-1,-1,1,1,1,TimedBlock,TimedBlock,0,1,cube/cube.obj,2,0.5,0,0,0.2,0.3
cube_29,999,370,123,357,0,1.6,0,2,0.5,2,1,1,1,0.35,DEFAULT,-1,-1,-1,1,1,1,MovingLift,Default,0,1,cube/cube.obj,1,1,12.2,4,370,123,357
cube_5,999,370,123,352,0,0,0,3,1,3,0.171184,0.671569,0.391942,1,DEFAULT,-1,-1,-1,1,1,1,RespawnPoint,JumpPadEnergy,0,1,cube/cube.obj,5,0.5,0
cube_31,999,370,123,345,0,1.6,0,3.7,0.8,2,1,1,1,1,DEFAULT,-1,-1,-1,1,1,1,NONE,Default,0,1,cube/cube.obj,
jampad(t1),999,375,123,343,0,1.6,0,2,0.5,2,0.0843426,0.0843426,0.382353,1,DEFAULT,-1,-1,-1,1,1,1,JumpPadGimmick,JumpPadEnergy,0,1,cube/cube.obj,3,0.6,0.15,1,0.3
cylinder,999,369,135,343,0,0,0,1,1,1,1,1,1,1,DEFAULT,-1,-1.5,-1,1,1.5,1,NONE,Default,0,1,Cylinder/cylinder.obj,
cylinder_1,999,375,124,343,0,0,0,2,1,2,0.155986,0.12649,0.460784,1,DEFAULT,-1,-1.5,-1,1,1.5,1,NONE,EnergyCylinder,0,0,Cylinder/cylinder.obj,
cube_33,999,386,124,331,0,1.6,0,2,0.5,2,1,1,1,1,DEFAULT,-1,-1,-1,1,1,1,NONE,Default,0,1,cube/cube.obj,
cube_34,999,386,124,327,0,1.6,0,2,0.5,2,1,1,1,1,DEFAULT,-1,-1,-1,1,1,1,NONE,Default,0,1,cube/cube.obj,
cube_35,999,386,124,323,0,1.6,0,2,0.5,2,1,1,1,1,DEFAULT,-1,-1,-1,1,1,1,NONE,Default,0,1,cube/cube.obj,
cube_36,999,390,124,320.1,0,1.6,0,4.7,0.5,2,1,1,1,1,DEFAULT,-1,-1,-1,1,1,1,NONE,Default,1,1,cube/cube.obj,
cube_50,999,410,124,303,0,1.6,0,2,0.5,2,1,1,1,1,DEFAULT,-1,-1,-1,1,1,1,NONE,Default,0,1,cube/cube.obj,
cube_51,999,406,124,303,0,0,0,2,0.5,2,1,1,1,1,DEFAULT,-1,-1,-1,1,1,1,NONE,Default,0,1,cube/cube.obj,
cube_53,999,394,125,303,0,0,1.571,2,0.5,2,1,0,0,1,DEFAULT,-1,-1,-1,1,1,1,OnOffComponent,TimedBlock,0,1,cube/cube.obj,0,0,0.2,-0.3,0.2
cylinder_2,999,390,126,317,0,0,0,1,1,1,1,0,0,1,DEFAULT,-1,-1.5,-1,1,1.5,1,OnOffComponent,Default,0,1,Cylinder/cylinder.obj,0,0,0.2,-0.3,0.2
cube_55,999,402,124,329,0,0,0,2,0.5,2,1,0.995098,0.995098,1,DEFAULT,-1,-1,-1,1,1,1,NONE,Default,0,1,cube/cube.obj,
cube_56,999,430,124,319,0,0,0,2,0.5,2,1,1,1,1,DEFAULT,-1,-1,-1,1,1,1,NONE,Default,0,1,cube/cube.obj,
cube_57,999,430,124,315,0,0,0,2,0.5,2,1,1,1,1,DEFAULT,-1,-1,-1,1,1,1,NONE,Default,0,1,cube/cube.obj,
cube_58,999,398,124,319,0,0,0,2,0.5,2,1,1,1,1,DEFAULT,-1,-1,-1,1,1,1,NONE,Default,0,1,cube/cube.obj,
cube_59,999,398,124,315,0,0,0,2,0.5,2,0.55,0.55,0.55,0.15,DEFAULT,-1,-1,-1,1,1,1,OnOffComponent,OnOffShader,1,1,cube/cube.obj,1,1,0.2,-0.3,0.2
cube_60,999,398,124,307,0,0,0,2,0.5,2,0.55,0.55,0.55,0.15,DEFAULT,-1,-1,-1,1,1,1,NONE,Default,1,1,cube/cube.obj,
cube_64,999,414,124,303,0,0,0,2,0.5,2,1,1,1,1,DEFAULT,-1,-1,-1,1,1,1,NONE,Default,0,1,cube/cube.obj,
cube_65,999,430,124,311,0,0,0,2,0.5,2,1,1,1,1,DEFAULT,-1,-1,-1,1,1,1,NONE,Default,0,1,cube/cube.obj,
cube_66,999,430,124,307,0,0,0,2,0.5,2,1,1,1,1,DEFAULT,-1,-1,-1,1,1,1,NONE,Default,0,1,cube/cube.obj,
cube_67,999,430,124,303,0,0,0,2,0.5,2,1,1,1,1,DEFAULT,-1,-1,-1,1,1,1,NONE,Default,0,1,cube/cube.obj,
cube_68,999,430,124,299,0,0,0,2,0.5,2,1,1,1,1,DEFAULT,-1,-1,-1,1,1,1,NONE,Default,0,1,cube/cube.obj,
cube_69,999,430,124,295,0,0,0,2,0.5,2,1,1,1,1,DEFAULT,-1,-1,-1,1,1,1,NONE,Default,0,1,cube/cube.obj,
cube_70,999,426,124,291,0,0,0,2,0.5,2,1,1,1,1,DEFAULT,-1,-1,-1,1,1,1,NONE,Default,0,1,cube/cube.obj,
cube_72,999,422,124,287,0,0,0,2,0.5,2,1,1,1,1,DEFAULT,-1,-1,-1,1,1,1,NONE,Default,0,1,cube/cube.obj,
cube_73,999,426,124,287,0,0,0,2,0.5,2,1,1,1,1,DEFAULT,-1,-1,-1,1,1,1,NONE,Default,0,1,cube/cube.obj,
cube_74,999,426,124,283,0,0,0,2,0.5,2,1,1,1,1,DEFAULT,-1,-1,-1,1,1,1,NONE,Default,0,1,cube/cube.obj,
cube_75,999,422,124,283,0,0,0,2,0.5,2,1,1,1,1,DEFAULT,-1,-1,-1,1,1,1,NONE,Default,0,1,cube/cube.obj,
cube_78,999,418,124,283,0,0,0,2,0.5,2,1,1,1,1,DEFAULT,-1,-1,-1,1,1,1,NONE,Default,0,1,cube/cube.obj,
cube_79,999,414,124,295,0,0,0,2,0.5,2,1,1,1,1,DEFAULT,-1,-1,-1,1,1,1,NONE,Default,0,1,cube/cube.obj,
cube_80,999,414,124,291,0,0,0,2,0.5,2,1,1,1,1,DEFAULT,-1,-1,-1,1,1,1,NONE,Default,0,1,cube/cube.obj,
cube_87,999,398,124,303,0,0,0,2,0.5,2,1,1,1,1,DEFAULT,-1,-1,-1,1,1,1,NONE,Default,0,1,cube/cube.obj,
cube_88,999,398,124,299,0,0,0,2,0.5,2,1,1,1,1,DEFAULT,-1,-1,-1,1,1,1,NONE,Default,0,1,cube/cube.obj,
cube_89,999,398,124,295,0,0,0,2,0.5,2,1,1,1,1,DEFAULT,-1,-1,-1,1,1,1,NONE,Default,0,1,cube/cube.obj,
cube_90,999,398,124,291,0,0,0,2,0.5,2,0.55,0.55,0.55,0.15,DEFAULT,-1,-1,-1,1,1,1,OnOffComponent,TimedBlock,1,1,cube/cube.obj,1,1,0.2,-0.3,0.2
cylinder_3,999,398,125,298,0,0,0,1,1.2,1,1,0,0,1,DEFAULT,-1,-1.5,-1,1,1.5,1,OnOffComponent,TimedBlock,1,1,Cylinder/cylinder.obj,0,0,0.2,-0.3,0.2
cube_91,999,398,124,287,0,0,0,2,0.5,2,0.55,0.55,0.55,0.15,DEFAULT,-1,-1,-1,1,1,1,OnOffComponent,TimedBlock,1,1,cube/cube.obj,1,1,0.2,-0.3,0.2
cube_61,999,398,124,311,0,0,0,2,0.5,2,0.55,0.55,0.55,0.15,DEFAULT,-1,-1,-1,1,1,1,OnOffComponent,OnOffShader,1,1,cube/cube.obj,1,1,0.2,-0.3,0.2
cube_62,999,398,124,323,0,0,0,2,0.5,2,0.55,0.55,0.55,0.15,DEFAULT,-1,-1,-1,1,1,1,NONE,Default,1,1,cube/cube.obj,
cube_63,999,394,124,323,0,0,0,2,0.5,2,1,1,1,1,DEFAULT,-1,-1,-1,1,1,1,NONE,Default,0,1,cube/cube.obj,
cube_92,999,406,124,315,0,0,0,2,0.5,2,1,1,1,1,DEFAULT,-1,-1,-1,1,1,1,NONE,Default,0,1,cube/cube.obj,
cube_98,999,410,124,307,0,0,0,2,0.5,2,1,0,0,1,DEFAULT,-1,-1,-1,1,1,1,OnOffComponent,OnOffShader,0,1,cube/cube.obj,1,0,0.2,-0.3,0.2
cube_99,999,410,124,311,0,0,0,2,0.5,2,1,0,0,1,DEFAULT,-1,-1,-1,1,1,1,OnOffComponent,OnOffShader,0,1,cube/cube.obj,1,0,0.2,-0.3,0.2
cube_96,999,410,124,315,0,0,0,2,0.5,2,1,0,0,1,DEFAULT,-1,-1,-1,1,1,1,NONE,Default,0,1,cube/cube.obj,
cube_97,999,410,124,319,0,0,0,2,0.5,2,1,1,1,1,DEFAULT,-1,-1,-1,1,1,1,NONE,Default,0,1,cube/cube.obj,
cube_100,999,410,124,327,0,0,0,2,0.5,2,1,1,1,1,DEFAULT,-1,-1,-1,1,1,1,NONE,Default,0,1,cube/cube.obj,
cube_101,999,410,124,331,0,0,0,2,0.5,2,1,1,1,1,DEFAULT,-1,-1,-1,1,1,1,NONE,Default,0,1,cube/cube.obj,
cube_102,999,414,124,331,0,0,0,2,0.5,2,1,1,1,1,DEFAULT,-1,-1,-1,1,1,1,NONE,Default,0,1,cube/cube.obj,
cube_103,999,418,124,331,0,0,0,2,0.5,2,1,1,1,1,DEFAULT,-1,-1,-1,1,1,1,NONE,Default,0,1,cube/cube.obj,
cube_104,999,422,124,331,0,0,0,2,0.5,2,1,1,1,1,DEFAULT,-1,-1,-1,1,1,1,NONE,Default,0,1,cube/cube.obj,
cube_105,999,430,124,323,0,0,0,2,0.5,2,1,1,1,1,DEFAULT,-1,-1,-1,1,1,1,NONE,Default,0,1,cube/cube.obj,
cube_106,999,410,124,323,0,0,0,2,0.5,2,1,1,1,1,DEFAULT,-1,-1,-1,1,1,1,NONE,Default,0,1,cube/cube.obj,
cube_107,999,414,124,323,0,0,0,2,0.5,2,1,1,1,1,DEFAULT,-1,-1,-1,1,1,1,NONE,Default,0,1,cube/cube.obj,
cube_108,999,418,124,323,0,0,0,2,0.5,2,1,1,1,1,DEFAULT,-1,-1,-1,1,1,1,NONE,Default,0,1,cube/cube.obj,
cube_109,999,422,124,323,0,0,0,2,0.5,2,1,1,1,1,DEFAULT,-1,-1,-1,1,1,1,NONE,Default,0,1,cube/cube.obj,
cube_110,999,418,124,311,0,0,0,2,0.5,2,1,1,1,1,DEFAULT,-1,-1,-1,1,1,1,NONE,Default,0,1,cube/cube.obj,
cube_111,999,426,124,323,0,0,0,2,0.5,2,1,1,1,1,DEFAULT,-1,-1,-1,1,1,1,NONE,Default,0,1,cube/cube.obj,
cube_112,999,422,124,311,0,0,0,2,0.5,2,1,1,1,1,DEFAULT,-1,-1,-1,1,1,1,NONE,Default,0,1,cube/cube.obj,
cube_113,999,426,124,311,0,0,0,2,0.5,2,1,1,1,1,DEFAULT,-1,-1,-1,1,1,1,NONE,Default,0,1,cube/cube.obj,
cylinder_4,999,430,125,311,0,0,0,1,1,1,1,0,0,1,DEFAULT,-1,-1.5,-1,1,1.5,1,OnOffComponent,Default,0,1,Cylinder/cylinder.obj,0,0,0.2,-0.3,0.2
cube_93,999,430,125,305,0,1.571,1.571,2,0.5,2,0.55,0.55,0.55,0.15,DEFAULT,-1,-1,-1,1,1,1,OnOffComponent,OnOffShader,1,1,cube/cube.obj,1,1,0.2,-0.3,0.2
cube_94,999,430,125,278,0,1.571,1.571,2,0.5,2,1,0,0,1,DEFAULT,-1,-1,-1,1,1,1,OnOffComponent,OnOffShader,0,1,cube/cube.obj,1,0,0.2,-0.3,0.2
cube_81,999,414,124,299,0,0,0,2,0.5,2,1,0,0,1,DEFAULT,-1,-1,-1,1,1,1,NONE,Default,0,1,cube/cube.obj,
cube_83,999,414,124,287,0,0,0,2,0.5,2,0.55,0.55,0.55,0.15,DEFAULT,-1,-1,-1,1,1,1,OnOffComponent,OnOffShader,1,1,cube/cube.obj,1,1,0.2,-0.3,0.2
cube_84,999,414,124,283,0,0,0,2,0.5,2,0.55,0.55,0.55,0.15,DEFAULT,-1,-1,-1,1,1,1,OnOffComponent,OnOffShader,1,1,cube/cube.obj,1,1,0.2,-0.3,0.2
cube_85,999,414,124,279,0,0,0,2,0.5,2,0.55,0.55,0.55,0.15,DEFAULT,-1,-1,-1,1,1,1,OnOffComponent,OnOffShader,1,1,cube/cube.obj,1,1,0.2,-0.3,0.2
cube_95,999,430,124,291,0,0,0,2,0.5,2,0.55,0.55,0.55,0.15,DEFAULT,-1,-1,-1,1,1,1,NONE,Default,1,1,cube/cube.obj,
cube_114,999,430,124,287,0,0,0,2,0.5,2,1,1,1,1,DEFAULT,-1,-1,-1,1,1,1,NONE,Default,0,1,cube/cube.obj,
cube_115,999,430,124,283,0,0,0,2,0.5,2,1,1,1,1,DEFAULT,-1,-1,-1,1,1,1,NONE,Default,0,1,cube/cube.obj,
cube_54,999,406,124,299,0,0,0,2,0.5,2,1,1,1,1,DEFAULT,-1,-1,-1,1,1,1,NONE,Default,0,1,cube/cube.obj,
cube_77,999,406,124,295,0,0,0,2,0.5,2,1,1,1,1,DEFAULT,-1,-1,-1,1,1,1,NONE,Default,0,1,cube/cube.obj,
cube_82,999,406,124,291,0,0,0,2,0.5,2,1,1,1,1,DEFAULT,-1,-1,-1,1,1,1,NONE,Default,0,1,cube/cube.obj,
cube_116,999,406,124,287,0,0,0,2,0.5,2,1,1,1,1,DEFAULT,-1,-1,-1,1,1,1,NONE,Default,0,1,cube/cube.obj,
cube_117,999,406,124,283,0,0,0,2,0.5,2,1,1,1,1,DEFAULT,-1,-1,-1,1,1,1,NONE,Default,0,1,cube/cube.obj,
cube_118,999,406,124,279,0,0,0,2,0.5,2,1,1,1,1,DEFAULT,-1,-1,-1,1,1,1,NONE,Default,0,1,cube/cube.obj,
cube_119,999,406,124,275,0,0,0,2,0.5,2,1,1,1,1,DEFAULT,-1,-1,-1,1,1,1,NONE,Default,0,1,cube/cube.obj,
cube_120,999,406,124,271,0,0,0,2,0.5,2,1,1,1,1,DEFAULT,-1,-1,-1,1,1,1,NONE,Default,0,1,cube/cube.obj,
cube_122,999,414,124,275,0,0,0,2,0.5,2,0.55,0.55,0.55,0.15,DEFAULT,-1,-1,-1,1,1,1,OnOffComponent,OnOffShader,1,1,cube/cube.obj,1,1,0.2,-0.3,0.2
cube_123,999,414,124,271,0,0,0,2,0.5,2,0.55,0.55,0.55,0.15,DEFAULT,-1,-1,-1,1,1,1,OnOffComponent,OnOffShader,1,1,cube/cube.obj,1,1,0.2,-0.3,0.2
cube_124,999,414,124,267,0,0,0,2,0.5,2,0.55,0.55,0.55,0.15,DEFAULT,-1,-1,-1,1,1,1,OnOffComponent,OnOffShader,1,1,cube/cube.obj,1,1,0.2,-0.3,0.2
cube_126,999,422,124,267,0,0,0,2,0.5,2,0.55,0.55,0.55,0.15,DEFAULT,-1,-1,-1,1,1,1,NONE,Default,1,1,cube/cube.obj,
cube_128,999,426,124,263,0,0,0,2,0.5,2,1,1,1,1,DEFAULT,-1,-1,-1,1,1,1,NONE,Default,0,1,cube/cube.obj,
cube_130,999,430,124,279,0,0,0,2,0.5,2,1,1,1,1,DEFAULT,-1,-1,-1,1,1,1,NONE,Default,0,1,cube/cube.obj,
cube_131,999,430,124,275,0,0,0,2,0.5,2,1,1,1,1,DEFAULT,-1,-1,-1,1,1,1,NONE,Default,0,1,cube/cube.obj,
cube_129,999,426,124,259,0,0,0,2,0.5,2,1,1,1,1,DEFAULT,-1,-1,-1,1,1,1,NONE,Default,0,1,cube/cube.obj,
cube_132,999,426,124,255,0,0,0,2,0.5,2,1,1,1,1,DEFAULT,-1,-1,-1,1,1,1,NONE,Default,0,1,cube/cube.obj,
cube_133,999,426,124,251,0,0,0,2,0.5,2,1,1,1,1,DEFAULT,-1,-1,-1,1,1,1,NONE,Default,0,1,cube/cube.obj,
cube_134,999,422,124,251,0,0,0,2,0.5,2,1,1,1,1,DEFAULT,-1,-1,-1,1,1,1,NONE,Default,0,1,cube/cube.obj,
cube_135,999,418,124,251,0,0,0,2,0.5,2,1,1,1,1,DEFAULT,-1,-1,-1,1,1,1,NONE,Default,0,1,cube/cube.obj,
cube_136,999,414,124,251,0,0,0,2,0.5,2,1,1,1,1,DEFAULT,-1,-1,-1,1,1,1,NONE,Default,0,1,cube/cube.obj,
cube_137,999,414,124,247,0,0,0,2,0.5,2,1,1,1,1,DEFAULT,-1,-1,-1,1,1,1,NONE,Default,0,1,cube/cube.obj,
cube_138,999,410,124,247,0,0,0,2,0.5,2,1,1,1,1,DEFAULT,-1,-1,-1,1,1,1,NONE,Default,0,1,cube/cube.obj,
cube_139,999,406,124,247,0,0,0,2,0.5,2,1,1,1,1,DEFAULT,-1,-1,-1,1,1,1,NONE,Default,0,1,cube/cube.obj,
cube_141,999,414,124,259,0,0,0,2,0.5,2,1,1,1,1,DEFAULT,-1,-1,-1,1,1,1,NONE,Default,0,1,cube/cube.obj,
cube_142,999,410,124,259,0,0,0,2,0.5,2,1,1,1,1,DEFAULT,-1,-1,-1,1,1,1,NONE,Default,0,1,cube/cube.obj,
cube_143,999,406,124,259,0,0,0,2,0.5,2,1,1,1,1,DEFAULT,-1,-1,-1,1,1,1,NONE,Default,0,1,cube/cube.obj,
cube_127,999,426,124,267,0,0,0,2,0.5,2,1,1,1,1,DEFAULT,-1,-1,-1,1,1,1,NONE,Default,0,1,cube/cube.obj,
cube_121,999,398,124,283,0,0,0,2,0.5,2,1,1,1,1,DEFAULT,-1,-1,-1,1,1,1,NONE,Default,0,1,cube/cube.obj,
cube_144,999,398,124,279,0,0,0,2,0.5,2,1,1,1,1,DEFAULT,-1,-1,-1,1,1,1,NONE,Default,0,1,cube/cube.obj,
cube_145,999,398,124,275,0,0,0,2,0.5,2,1,1,1,1,DEFAULT,-1,-1,-1,1,1,1,NONE,Default,0,1,cube/cube.obj,
cube_146,999,398,124,271,0,0,0,2,0.5,2,1,1,1,1,DEFAULT,-1,-1,-1,1,1,1,NONE,Default,0,1,cube/cube.obj,
cube_147,999,406,124,267,0,0,0,2,0.5,2,1,1,1,1,DEFAULT,-1,-1,-1,1,1,1,NONE,Default,0,1,cube/cube.obj,
cube_148,999,406,124,263,0,0,0,2,0.5,2,1,1,1,1,DEFAULT,-1,-1,-1,1,1,1,NONE,Default,0,1,cube/cube.obj,
cube_149,999,398,124,267,0,0,0,2,0.5,2,1,1,1,1,DEFAULT,-1,-1,-1,1,1,1,NONE,Default,0,1,cube/cube.obj,
cube_150,999,398,124,263,0,0,0,2,0.5,2,1,1,1,1,DEFAULT,-1,-1,-1,1,1,1,NONE,Default,0,1,cube/cube.obj,
cube_151,999,398,124,259,0,0,0,2,0.5,2,1,0,0,1,DEFAULT,-1,-1,-1,1,1,1,OnOffComponent,OnOffShader,0,1,cube/cube.obj,1,0,0.2,-0.3,0.2
cube_152,999,398,124,255,0,0,0,2,0.5,2,1,0,0,1,DEFAULT,-1,-1,-1,1,1,1,OnOffComponent,OnOffShader,0,1,cube/cube.obj,1,0,0.2,-0.3,0.2
cube_153,999,398,124,251,0,0,0,2,0.5,2,1,0,0,1,DEFAULT,-1,-1,-1,1,1,1,NONE,Default,0,1,cube/cube.obj,
cube_154,999,398,124,247,0,0,0,2,0.5,2,1,1,1,1,DEFAULT,-1,-1,-1,1,1,1,NONE,Default,0,1,cube/cube.obj,
cube_155,999,406,124,243,0,0,0,2,0.5,2,1,1,1,1,DEFAULT,-1,-1,-1,1,1,1,NONE,Default,0,1,cube/cube.obj,
cube_156,999,398,124,243,0,0,0,2,0.5,2,1,1,1,1,DEFAULT,-1,-1,-1,1,1,1,NONE,Default,0,1,cube/cube.obj,
cube_157,999,406,124,239,0,0,0,2,0.5,2,1,1,1,1,DEFAULT,-1,-1,-1,1,1,1,NONE,Default,0,1,cube/cube.obj,
cube_158,999,398,124,239,0,0,0,2,0.5,2,1,1,1,1,DEFAULT,-1,-1,-1,1,1,1,NONE,Default,0,1,cube/cube.obj,
cube_159,999,406,124,235,0,0,0,2,0.5,2,1,1,1,1,DEFAULT,-1,-1,-1,1,1,1,NONE,Default,0,1,cube/cube.obj,
cube_160,999,398,124,235,0,0,0,2,0.5,2,1,1,1,1,DEFAULT,-1,-1,-1,1,1,1,NONE,Default,0,1,cube/cube.obj,
cube_161,999,402,124,235,0,0,0,2,0.5,2,1,1,1,1,DEFAULT,-1,-1,-1,1,1,1,NONE,Default,0,1,cube/cube.obj,
cube_162,999,410,124,235,0,0,0,2,0.5,2,1,1,1,1,DEFAULT,-1,-1,-1,1,1,1,NONE,Default,0,1,cube/cube.obj,
cube_163,999,414,124,235,0,0,0,2,0.5,2,0.55,0.55,0.55,0.15,DEFAULT,-1,-1,-1,1,1,1,OnOffComponent,OnOffShader,1,1,cube/cube.obj,1,1,0.2,-0.3,0.2
cube_164,999,410,124,231,0,0,0,2,0.5,2,1,0,0,1,DEFAULT,-1,-1,-1,1,1,1,OnOffComponent,OnOffShader,0,1,cube/cube.obj,1,0,0.2,-0.3,0.2
cube_165,999,410,124,227,0,0,0,2,0.5,2,1,0,0,1,DEFAULT,-1,-1,-1,1,1,1,OnOffComponent,OnOffShader,0,1,cube/cube.obj,1,0,0.2,-0.3,0.2
cube_166,999,410,124,223,0,0,0,2,0.5,2,1,0,0,1,DEFAULT,-1,-1,-1,1,1,1,OnOffComponent,OnOffShader,0,1,cube/cube.obj,1,0,0.2,-0.3,0.2
cube_167,999,410,124,219,0,0,0,2,0.5,2,1,0,0,1,DEFAULT,-1,-1,-1,1,1,1,OnOffComponent,OnOffShader,0,1,cube/cube.obj,1,0,0.2,-0.3,0.2
cube_168,999,418,124,235,0,0,0,2,0.5,2,1,0,0,1,DEFAULT,-1,-1,-1,1,1,1,NONE,Default,0,1,cube/cube.obj,
cube_169,999,418,124,239,0,0,0,2,0.5,2,1,1,1,1,DEFAULT,-1,-1,-1,1,1,1,NONE,Default,0,1,cube/cube.obj,
cube_170,999,422,124,239,0,0,0,2,0.5,2,0.55,0.55,0.55,0.15,DEFAULT,-1,-1,-1,1,1,1,OnOffComponent,OnOffShader,1,1,cube/cube.obj,1,1,0.2,-0.3,0.2
cube_171,999,426,124,239,0,0,0,2,0.5,2,0.55,0.55,0.55,0.15,DEFAULT,-1,-1,-1,1,1,1,NONE,Default,1,1,cube/cube.obj,
cube_172,999,430,124,239,0,0,0,2,0.5,2,1,1,1,1,DEFAULT,-1,-1,-1,1,1,1,NONE,Default,0,1,cube/cube.obj,
cube_173,999,430,124,251,0,0,0,2,0.5,2,1,1,1,1,DEFAULT,-1,-1,-1,1,1,1,NONE,Default,0,1,cube/cube.obj,
cube_174,999,430,124,247,0,0,0,2,0.5,2,1,1,1,1,DEFAULT,-1,-1,-1,1,1,1,NONE,Default,0,1,cube/cube.obj,
cube_175,999,430,124,243,0,0,0,2,0.5,2,1,1,1,1,DEFAULT,-1,-1,-1,1,1,1,NONE,Default,0,1,cube/cube.obj,
cube_176,999,430,124,235,0,0,0,2,0.5,2,1,1,1,1,DEFAULT,-1,-1,-1,1,1,1,NONE,Default,0,1,cube/cube.obj,
cube_177,999,430,124,231,0,0,0,2,0.5,2,1,1,1,1,DEFAULT,-1,-1,-1,1,1,1,NONE,Default,0,1,cube/cube.obj,
cube_178,999,430,124,227,0,0,0,2,0.5,2,1,1,1,1,DEFAULT,-1,-1,-1,1,1,1,NONE,Default,0,1,cube/cube.obj,
cube_179,999,430,124,223,0,0,0,2,0.5,2,1,1,1,1,DEFAULT,-1,-1,-1,1,1,1,NONE,Default,0,1,cube/cube.obj,
cube_180,999,426,124,226,0,0,0,2,0.5,2,1,1,1,1,DEFAULT,-1,-1,-1,1,1,1,NONE,Default,0,1,cube/cube.obj,
cube_181,999,422,124,226,0,0,0,2,0.5,2,1,1,1,1,DEFAULT,-1,-1,-1,1,1,1,NONE,Default,0,1,cube/cube.obj,
cube_182,999,418,124,226,0,0,0,2,0.5,2,1,1,1,1,DEFAULT,-1,-1,-1,1,1,1,NONE,Default,0,1,cube/cube.obj,
cube_183,999,414,124,226,0,0,0,2,0.5,2,1,1,1,1,DEFAULT,-1,-1,-1,1,1,1,NONE,Default,0,1,cube/cube.obj,
cube_184,999,422,124,211,0,0,0,2,0.5,2,1,1,1,1,DEFAULT,-1,-1,-1,1,1,1,NONE,Default,0,1,cube/cube.obj,
cube_185,999,410,124,215,0,0,0,2,0.5,2,1,1,1,1,DEFAULT,-1,-1,-1,1,1,1,NONE,Default,0,1,cube/cube.obj,
cube_186,999,414,124,215,0,0,0,2,0.5,2,1,1,1,1,DEFAULT,-1,-1,-1,1,1,1,NONE,Default,0,1,cube/cube.obj,
cube_187,999,418,124,215,0,0,0,2,0.5,2,1,1,1,1,DEFAULT,-1,-1,-1,1,1,1,NONE,Default,0,1,cube/cube.obj,
cube_188,999,422,124,215,0,0,0,2,0.5,2,1,1,1,1,DEFAULT,-1,-1,-1,1,1,1,NONE,Default,0,1,cube/cube.obj,
cube_189,999,398,124,231,0,0,0,2,0.5,2,1,1,1,1,DEFAULT,-1,-1,-1,1,1,1,NONE,Default,0,1,cube/cube.obj,
cube_190,999,398,124,227,0,0,0,2,0.5,2,1,1,1,1,DEFAULT,-1,-1,-1,1,1,1,NONE,Default,0,1,cube/cube.obj,
cube_191,999,398,124,223,0,0,0,2,0.5,2,1,0,0,1,DEFAULT,-1,-1,-1,1,1,1,OnOffComponent,OnOffShader,0,1,cube/cube.obj,1,0,0.2,-0.3,0.2
cube_192,999,398,124,219,0,0,0,2,0.5,2,1,0,0,1,DEFAULT,-1,-1,-1,1,1,1,NONE,Default,0,1,cube/cube.obj,
cube_24,999,415,123,202,0,0,0,3,1,3,0.171184,0.671569,0.391942,1,DEFAULT,-1,-1,-1,1,1,1,RespawnPoint,JumpPadEnergy,0,1,cube/cube.obj,6,0.5,0
cube_193,999,422,124,207,0,0,0,2,0.5,2,1,1,1,1,DEFAULT,-1,-1,-1,1,1,1,NONE,Default,0,1,cube/cube.obj,
cube_194,999,418,124,207,0,0,0,2,0.5,2,1,1,1,1,DEFAULT,-1,-1,-1,1,1,1,NONE,Default,0,1,cube/cube.obj,
cube_195,999,414,124,207,0,0,0,2,0.5,2,1,1,1,1,DEFAULT,-1,-1,-1,1,1,1,NONE,Default,0,1,cube/cube.obj,
cube_196,999,415,156,197,0,0,0,2,0.5,2,1,1,1,1,DEFAULT,-1,-1,-1,1,1,1,MovingLift,Default,0,1,cube/cube.obj,0,1,32,6,415,156,197
lift,999,360,156,189,0,0,0,6,0.5,6,1,1,1,1,DEFAULT,-1,-1,-1,1,1,1,MovingLift,Default,0,1,cube/cube.obj,1,0,47,6,360,156,189
cube_198,999,415,156,189,0,0,0,1.9,0.5,6,1,1,1,1,DEFAULT,-1,-1,-1,1,1,1,NONE,Default,0,1,cube/cube.obj,
cube_199,999,360,156,180,0,1.571,0,3,0.5,6,1,1,1,1,DEFAULT,-1,-1,-1,1,1,1,NONE,Default,0,1,cube/cube.obj,
cube_25,999,360,155,174,0,0,0,3,1,3,0.171184,0.671569,0.391942,1,DEFAULT,-1,-1,-1,1,1,1,RespawnPoint,JumpPadEnergy,0,1,cube/cube.obj,7,0.5,0
cube_201,999,404,158,184,0,0,0,1,2,1,1,1,1,1,DEFAULT,-1,-1,-1,1,1,1,NONE,Default,0,1,cube/cube.obj,
cube_202,999,404,158,194,0,0,0,1,2,1,1,1,1,1,DEFAULT,-1,-1,-1,1,1,1,NONE,Default,0,1,cube/cube.obj,
cube_203,999,396,158,188,0,0,0,1,2,1,1,1,1,1,DEFAULT,-1,-1,-1,1,1,1,NONE,Default,0,1,cube/cube.obj,
cube_204,999,390,158,190,0,0,0,1,2,1,1,1,1,1,DEFAULT,-1,-1,-1,1,1,1,NONE,Default,0,1,cube/cube.obj,
cube_205,999,385,158,186,0,0,0,1,2,1,1,1,1,1,DEFAULT,-1,-1,-1,1,1,1,NONE,Default,0,1,cube/cube.obj,
cube_206,999,383,158,188,0,0,0,1,2,1,1,1,1,1,DEFAULT,-1,-1,-1,1,1,1,NONE,Default,0,1,cube/cube.obj,
cube_207,999,374,158,183,0,0,0,1,2,1,1,1,1,1,DEFAULT,-1,-1,-1,1,1,1,NONE,Default,0,1,cube/cube.obj,
cube_208,999,374,158,181,0,0,0,1,2,1,1,1,1,1,DEFAULT,-1,-1,-1,1,1,1,NONE,Default,0,1,cube/cube.obj,
cube_209,999,359,158,191,0,0,0,2,2,2,1,1,1,1,DEFAULT,-1,-1,-1,1,1,1,NONE,Default,0,1,cube/cube.obj,
cube_210,999,391,158,181,0,0,0,1,2,1,1,1,1,1,DEFAULT,-1,-1,-1,1,1,1,NONE,Default,0,1,cube/cube.obj,
cube_211,999,374,158,185,0,0,0,1,2,1,1,1,1,1,DEFAULT,-1,-1,-1,1,1,1,NONE,Default,0,1,cube/cube.obj,
cube_212,999,374,158,187,0,0,0,1,2,1,1,1,1,1,DEFAULT,-1,-1,-1,1,1,1,NONE,Default,0,1,cube/cube.obj,
cube_213,999,390,158,193,0,0,0,1,2,1,1,1,1,1,DEFAULT,-1,-1,-1,1,1,1,NONE,Default,0,1,cube/cube.obj,
cube_200,999,360,156,168,0,1.571,0,3,0.5,6,1,1,1,1,DEFAULT,-1,-1,-1,1,1,1,NONE,Default,0,1,cube/cube.obj,
cube_214,999,360,156,105,0,3.14,0,6,0.5,6,1,1,1,1,DEFAULT,-1,-1,-1,1,1,1,MovingLift,Default,0,1,cube/cube.obj,2,0,53.9,6,360,156,105
cube_215,999,360,156,96,0,1.571,0,3,0.5,6,1,1,1,1,DEFAULT,-1,-1,-1,1,1,1,NONE,Default,0,1,cube/cube.obj,
cube_216,999,358,158,140,0,0,0,2,2,1,1,1,1,1,DEFAULT,-1,-1,-1,1,1,1,MovingLift,Default,0,1,cube/cube.obj,1,1,8,4,358,158,140
cube_217,999,362,158,140,0,0,0,2,2,1,1,1,1,1,DEFAULT,-1,-1,-1,1,1,1,MovingLift,Default,0,1,cube/cube.obj,1,0,8,4,362,158,140
cube_219,999,356,158,158,0,0,0,1,2,1,1,1,1,1,DEFAULT,-1,-1,-1,1,1,1,MovingLift,Default,0,1,cube/cube.obj,1,0,11,8,356,158,158
cube_220,999,364,158,155,0,0,0,1,2,1,1,1,1,1,DEFAULT,-1,-1,-1,1,1,1,MovingLift,Default,0,1,cube/cube.obj,1,1,11,2,364,158,155
cube_222,999,356,158,143,0,0,0,2,2,1,1,1,1,1,DEFAULT,-1,-1,-1,1,1,1,MovingLift,Default,0,1,cube/cube.obj,2,0,10,4,356,158,143
cube_223,999,367,158,146,0,0,0,1,2,1,1,1,1,1,DEFAULT,-1,-1,-1,1,1,1,MovingLift,Default,0,1,cube/cube.obj,1,1,11,6,367,158,146
cube_224,999,355,158,124,0,0,0,1,2,1,1,1,1,1,DEFAULT,-1,-1,-1,1,1,1,MovingLift,Default,0,1,cube/cube.obj,1,0,11,4,355,158,124
cube_226,999,355,158,117,0,0,0,1,2,1,1,1,1,1,DEFAULT,-1,-1,-1,1,1,1,MovingLift,Default,0,1,cube/cube.obj,1,0,11,6,355,158,117
cube_28,999,357,156,90,0,0,0,3,1,3,0.171184,0.671569,0.391942,1,DEFAULT,-1,-1,-1,1,1,1,RespawnPoint,JumpPadEnergy,0,1,cube/cube.obj,8,0.5,0
cube_228,999,311,156,87,0,1.571,0,6,0.5,6,1,1,1,1,basecolor.jpg,-1,-1,-1,1,1,1,MovingLift,Default,0,1,cube/cube.obj,1,0,37,6,311,156,87
cube_227,999,299,156,87,0,0,0,6,0.5,6,1,1,1,1,DEFAULT,-1,-1,-1,1,1,1,NONE,Default,0,1,cube/cube.obj,
cube_30,999,314,159,75,0,0,0,1,1,1,1,1,1,1,DEFAULT,-1,-1,-1,1,1,1,NONE,Default,0,1,cube/cube.obj,
cube_32,999,348,158,81,0,0,0,1,1,1,1,1,1,1,DEFAULT,-1,-1,-1,1,1,1,NONE,Default,0,1,cube/cube.obj,
cube_37,999,329,158,81,0,0,0,3,1,1,1,1,1,1,DEFAULT,-1,-1,-1,1,1,1,NONE,Default,0,1,cube/cube.obj,
cube_38,999,312,158,87,0,0,0,1,1,1,1,1,1,1,DEFAULT,-1,-1,-1,1,1,1,NONE,Default,0,1,cube/cube.obj,
cube_39,999,352,158,82,0,0,0,3,1,2,1,1,1,1,DEFAULT,-1,-1,-1,1,1,1,NONE,Default,0,1,cube/cube.obj,
cube_40,999,348,158,91,0,0,0,3,1,2,1,1,1,1,DEFAULT,-1,-1,-1,1,1,1,NONE,Default,0,1,cube/cube.obj,
cube_41,999,342,158,87,0,0,0,3,1,2,1,1,1,1,DEFAULT,-1,-1,-1,1,1,1,NONE,Default,0,1,cube/cube.obj,
cube_42,999,341,158,81,0,0,0,3,1,1,1,1,1,1,DEFAULT,-1,-1,-1,1,1,1,NONE,Default,0,1,cube/cube.obj,
cube_229,999,355,158,110,0,0,0,1,2,1,1,1,1,1,DEFAULT,-1,-1,-1,1,1,1,MovingLift,Default,0,1,cube/cube.obj,1,0,11,8,355,158,110
cube_43,999,348,158,95,0,0,0,3,1,2,1,1,1,1,DEFAULT,-1,-1,-1,1,1,1,NONE,Default,0,1,cube/cube.obj,
cube_44,999,352,158,85,0,0,0,3,1,1,1,1,1,1,DEFAULT,-1,-1,-1,1,1,1,NONE,Default,0,1,cube/cube.obj,
cube_45,999,331,158,84,0,0,0,3,1,2,1,1,1,1,DEFAULT,-1,-1,-1,1,1,1,NONE,Default,0,1,cube/cube.obj,
cube_46,999,335,158,81,0,0,0,3,1,1,1,1,1,1,DEFAULT,-1,-1,-1,1,1,1,NONE,Default,0,1,cube/cube.obj,
cube_47,999,342,158,91,0,0,0,3,1,2,1,1,1,1,DEFAULT,-1,-1,-1,1,1,1,NONE,Default,0,1,cube/cube.obj,
cube_48,999,332,158,94,0,0,0,3,1,1,1,1,1,1,DEFAULT,-1,-1,-1,1,1,1,NONE,Default,0,1,cube/cube.obj,
cube_49,999,326,158,94,0,0,0,3,1,1,1,1,1,1,DEFAULT,-1,-1,-1,1,1,1,NONE,Default,0,1,cube/cube.obj,
cube_52,999,320,158,91,0,0,0,3,1,2,1,1,1,1,DEFAULT,-1,-1,-1,1,1,1,NONE,Default,0,1,cube/cube.obj,
cube_197,999,323,158,81,0,0,0,3,1,1,1,1,1,1,DEFAULT,-1,-1,-1,1,1,1,NONE,Default,0,1,cube/cube.obj,
cube_218,999,320,158,84,0,0,0,3,1,2,1,1,1,1,DEFAULT,-1,-1,-1,1,1,1,NONE,Default,0,1,cube/cube.obj,
cube_225,999,317,158,81,0,0,0,3,1,1,1,1,1,1,DEFAULT,-1,-1,-1,1,1,1,NONE,Default,0,1,cube/cube.obj,
cube_230,999,320,158,94,0,0,0,3,1,1,1,1,1,1,DEFAULT,-1,-1,-1,1,1,1,NONE,Default,0,1,cube/cube.obj,
cube_231,999,314,158,93,0,0,0,3,1,1,1,1,1,1,DEFAULT,-1,-1,-1,1,1,1,NONE,Default,0,1,cube/cube.obj,
cube_232,999,312,158,83,0,0,0,1,1,1,1,1,1,0.35,DEFAULT,-1,-1,-1,1,1,1,TimedBlock,TimedBlock,0,1,cube/cube.obj,2,0.5,0,0,0.2,0.3
cube_233,999,312,158,91,0,0,0,1,1,1,1,1,1,1,DEFAULT,-1,-1,-1,1,1,1,TimedBlock,TimedBlock,0,1,cube/cube.obj,2,0.5,0,1,0.2,0.3
cube_234,999,312,158,89,0,0,0,1,1,1,1,1,1,1,DEFAULT,-1,-1,-1,1,1,1,TimedBlock,TimedBlock,0,1,cube/cube.obj,2,0.5,0,1,0.2,0.3
cube_235,999,312,158,85,0,0,0,1,1,1,1,1,1,0.35,DEFAULT,-1,-1,-1,1,1,1,TimedBlock,TimedBlock,0,1,cube/cube.obj,2,0.5,0,0,0.2,0.3
cube_236,999,311,159,74,0,0,0,3,1,1,1,1,1,0.35,DEFAULT,-1,-1,-1,1,1,1,NONE,Default,0,1,cube/cube.obj,
cube_237,999,308,158,93,0,0,0,3,1,1,1,1,1,1,DEFAULT,-1,-1,-1,1,1,1,NONE,Default,0,1,cube/cube.obj,
cube_239,999,311,158,81,0,0,0,3,1,1,1,1,1,1,DEFAULT,-1,-1,-1,1,1,1,NONE,Default,0,1,cube/cube.obj,
cube_240,999,306,158,81,0,0,0,2,1,1,1,1,1,1,DEFAULT,-1,-1,-1,1,1,1,NONE,Default,0,1,cube/cube.obj,
cube_238,999,331,158,87,0,0,0,3,1,1,1,1,1,1,DEFAULT,-1,-1,-1,1,1,1,NONE,Default,0,1,cube/cube.obj,
cube_241,999,343,158,94,0,0,0,2,1,1,1,1,1,1,DEFAULT,-1,-1,-1,1,1,1,NONE,Default,0,1,cube/cube.obj,
cube_244,999,284,183,81,0,0,0,3,0.5,3,1,1,1,1,DEFAULT,-1,-1,-1,1,1,1,NONE,Default,0,1,cube/cube.obj,
cube_245,999,290,156,84,0,0,0,3,0.5,3,1,1,1,1,DEFAULT,-1,-1,-1,1,1,1,MovingLift,Default,0,1,cube/cube.obj,0,0,28,5,290,156,84
cube_246,999,275,183,87,0,0,0,6,0.5,3,1,1,1,1,DEFAULT,-1,-1,-1,1,1,1,NONE,Default,0,1,cube/cube.obj,
cube_247,999,284,183,87,0,0,0,3,1,3,0.171184,0.671569,0.391942,1,DEFAULT,-1,-1,-1,1,1,1,RespawnPoint,JumpPadEnergy,0,1,cube/cube.obj,9,0.5,0
cube_249,999,284,183,93,0,0,0,3,0.5,3,1,1,1,1,DEFAULT,-1,-1,-1,1,1,1,NONE,Default,0,1,cube/cube.obj,
Slope,999,265,187,87,0,4.71,0,3,3,4.6,1,1,1,1,DEFAULT,-1,-1,-1,1,1,1,NONE,Default,0,1,Slope/Slope.obj,
cube_250,999,254,189,87,0,0,0,6,0.5,6,1,1,1,1,DEFAULT,-1,-1,-1,1,1,1,NONE,Default,0,1,cube/cube.obj,
Ring_1,999,257,191,87,0.32,1.631,0,4,4,1,1,1,1,1,DEFAULT,-1.25,-1.25,-0.25,1.25,1.25,0.25,BoostRing,Default,0,0,parts/Ring.obj,1.2,0.25,0.1,1.5,2.65,0,0.3
cube_251,999,275,183,93,0,0,0,6,0.5,3,1,1,1,1,DEFAULT,-1,-1,-1,1,1,1,NONE,Default,0,1,cube/cube.obj,
cube_252,999,275,183,81,0,0,0,6,0.5,3,1,1,1,1,DEFAULT,-1,-1,-1,1,1,1,NONE,Default,0,1,cube/cube.obj,
cube_254,999,201,205,99,-1.571,0,0,20.2,0.5,8.5,1,1,1,1,DEFAULT,-1,-1,-1,1,1,1,NONE,Default,0,1,cube/cube.obj,
cube_255,999,240,191,98,-1.571,0,0,20.2,0.5,8.5,1,1,1,1,DEFAULT,-1,-1,-1,1,1,1,NONE,Default,1,1,cube/cube.obj,
Ring_3,999,224,206,92,0.12,1.511,0,4,4,1,1,1,1,1,DEFAULT,-1.25,-1.25,-0.25,1.25,1.25,0.25,BoostRing,Default,0,0,parts/Ring.obj,1.2,0.25,0.1,1.5,1.65,0.15,0.3
cube_256,999,193,185,94,0,0,0,9,0.5,3,1,1,1,1,DEFAULT,-1,-1,-1,1,1,1,NONE,JumpPadEnergy,0,1,cube/cube.obj,
Ring_4,999,185,188,94,0.12,1.511,0,4,4,1,1,1,1,1,DEFAULT,-1.25,-1.25,-0.25,1.25,1.25,0.25,BoostRing,Default,0,0,parts/Ring.obj,1.2,0.25,0.1,1.5,1.65,0,0.3
cube_257,999,157,185,94,0,0,0,9,0.5,3,1,1,1,1,DEFAULT,-1,-1,-1,1,1,1,NONE,JumpPadEnergy,0,1,cube/cube.obj,
cube_258,999,129,185,95,0,0,0,9,0.5,3,1,1,1,1,DEFAULT,-1,-1,-1,1,1,1,NONE,JumpPadEnergy,0,1,cube/cube.obj,
cube_259,999,98,185,91,0,0.72,0,9,0.5,3,1,1,1,1,DEFAULT,-1,-1,-1,1,1,1,NONE,JumpPadEnergy,0,1,cube/cube.obj,
Ring_5,999,149,188,94,0.12,1.511,0,4,4,1,1,1,1,1,DEFAULT,-1.25,-1.25,-0.25,1.25,1.25,0.25,BoostRing,Default,0,0,parts/Ring.obj,1.2,0.25,0.1,1.28,1.65,0,0.3
cube_248,999,355,158,131,0,0,0,2,2,1,1,1,1,1,DEFAULT,-1,-1,-1,1,1,1,MovingLift,Default,0,1,cube/cube.obj,2,0,11.3,2,355,158,131
cube_262,999,57,193,121,-1.571,0.72,0,20.2,0.5,8.5,1,1,1,1,DEFAULT,-1,-1,-1,1,1,1,NONE,Default,1,1,cube/cube.obj,
cube_263,999,66,189,119,0,0.72,-0.65,9,0.5,3,1,1,1,1,DEFAULT,-1,-1,-1,1,1,1,NONE,JumpPadEnergy,1,1,cube/cube.obj,
cube_264,999,49,185,134,0,0.72,0,9,0.5,3,1,1,1,1,DEFAULT,-1,-1,-1,1,1,1,NONE,JumpPadEnergy,0,1,cube/cube.obj,
cube_265,999,88,193,94,-1.571,0.72,0,20.2,0.5,8.5,1,1,1,1,DEFAULT,-1,-1,-1,1,1,1,NONE,Default,0,1,cube/cube.obj,
cube_266,999,85,209,90,-2.351,0.72,0,20.2,0.5,8.5,1,1,1,1,DEFAULT,-1,-1,-1,1,1,1,NONE,Default,0,1,cube/cube.obj,
cube_267,999,55,209,117,-2.351,0.72,0,20.2,0.5,8.5,1,1,1,1,DEFAULT,-1,-1,-1,1,1,1,NONE,Default,0,1,cube/cube.obj,
cube_268,999,84,223,88,-1.571,0.72,0,20.2,0.5,8.5,1,1,1,1,DEFAULT,-1,-1,-1,1,1,1,NONE,Default,0,1,cube/cube.obj,
cube_269,999,54,223,112,-1.571,0.72,0,20.2,0.5,8.5,1,1,1,1,DEFAULT,-1,-1,-1,1,1,1,NONE,Default,1,1,cube/cube.obj,
cube_261,999,82,185,105,0,0.72,0,9,0.5,3,1,1,1,1,DEFAULT,-1,-1,-1,1,1,1,NONE,JumpPadEnergy,0,1,cube/cube.obj,
cube_270,999,31,193,150,-1.571,0.94,0,20.2,0.5,8.5,1,1,1,1,DEFAULT,-1,-1,-1,1,1,1,NONE,Default,0,1,cube/cube.obj,
cube_271,999,27,208,146,-2.351,0.94,0,20.2,0.5,8.5,1,1,1,1,DEFAULT,-1,-1,-1,1,1,1,NONE,Default,0,1,cube/cube.obj,
cube_272,999,8,193,183,-1.571,0.94,0,20.2,0.5,8.5,1,1,1,1,DEFAULT,-1,-1,-1,1,1,1,NONE,Default,0,1,cube/cube.obj,
Ring_6,999,69,189,116,0.12,2.231,0,4,4,1,0.338235,0.224125,0.0795848,1,DEFAULT,-1.25,-1.25,-0.25,1.25,1.25,0.25,BoostRing,JumpPadEnergy,0,0,parts/Ring.obj,1.2,0.25,0.1,1.5,2,0,0.3
cube_273,999,4,208,179,-2.351,0.94,0,20.2,0.5,8.5,1,1,1,1,DEFAULT,-1,-1,-1,1,1,1,NONE,Default,0,1,cube/cube.obj,
cube_274,999,-4,193,219,-1.571,1.52,0,20.2,0.5,8.5,1,1,1,1,DEFAULT,-1,-1,-1,1,1,1,NONE,Default,0,1,cube/cube.obj,
cube_275,999,-9,208,213,-2.351,1.49,0,20.2,0.5,8.5,1,1,1,1,DEFAULT,-1,-1,-1,1,1,1,NONE,Default,0,1,cube/cube.obj,
cube_276,999,-12,208,252,-2.351,1.49,0,20.2,0.5,8.5,1,1,1,1,DEFAULT,-1,-1,-1,1,1,1,NONE,Default,0,1,cube/cube.obj,
cube_277,999,-6,193,258,-1.571,1.52,0,20.2,0.5,8.5,1,1,1,1,DEFAULT,-1,-1,-1,1,1,1,NONE,Default,0,1,cube/cube.obj,
cube_278,999,-13,208,288,-2.351,1.53,0,20.2,0.5,8.5,1,1,1,1,DEFAULT,-1,-1,-1,1,1,1,NONE,Default,0,1,cube/cube.obj,
cube_279,999,14,178,337,0,0,0,20,0.5,25,1,1,1,1,DEFAULT,-1,-1,-1,1,1,1,NONE,Default,0,1,cube/cube.obj,
cube_280,999,26,223,139,-1.571,0.92,0,20.2,0.5,8.5,1,1,1,1,DEFAULT,-1,-1,-1,1,1,1,NONE,Default,1,1,cube/cube.obj,
cube_281,999,17,178,378,0,0,0,10,0.5,16.7,1,1,1,1,DEFAULT,-1,-1,-1,1,1,1,NONE,Default,0,1,cube/cube.obj,
Slope_3,999,28,180,381,0,1.571,0,3,1,3,1,1,1,1,DEFAULT,-1,-1,-1,1,1,1,NONE,Default,0,1,Slope/Slope.obj,
Ring,999,28,182,381,-0.46,1.571,0,3,3,1,1,1,1,1,DEFAULT,-1.25,-1.25,-0.25,1.25,1.25,0.25,BoostRing,Default,0,0,parts/Ring.obj,1.34,0.25,0.1,1.5,2.31,0.15,0.3
cube_282,999,185,215,375,-0.71,0,0.04,10,0.5,10,0.980392,0.980392,0.980392,0.35,DEFAULT,-1,-1,-1,1,1,1,NONE,Default,0,1,cube/cube.obj,
cube_283,999,185,228,390,-0.71,0,0.04,10,0.5,10,0.980392,0.980392,0.980392,0.35,DEFAULT,-1,-1,-1,1,1,1,NONE,Default,0,1,cube/cube.obj,
cube_284,999,205,215,374.5,-0.71,0,0,10,0.5,10,0.980392,0.980392,0.980392,0.35,DEFAULT,-1,-1,-1,1,1,1,NONE,Default,0,1,cube/cube.obj,
cube_285,999,205,228,390,-0.71,0,0,10,0.5,10,0.980392,0.980392,0.980392,0.35,DEFAULT,-1,-1,-1,1,1,1,NONE,Default,0,1,cube/cube.obj,
cube_286,999,225,216,376,-0.72,0,0,10,0.5,6,0.980392,0.980392,0.980392,0.35,DEFAULT,-1,-1,-1,1,1,1,NONE,Default,0,1,cube/cube.obj,
cube_287,999,225,224,385,-0.72,0,0,10,0.5,6,0.980392,0.980392,0.980392,0.35,DEFAULT,-1,-1,-1,1,1,1,NONE,Default,0,1,cube/cube.obj,
cube_288,999,245,216,376,-0.72,0,0,10,0.5,6,0.980392,0.980392,0.980392,0.35,DEFAULT,-1,-1,-1,1,1,1,NONE,Default,0,1,cube/cube.obj,
cube_289,999,245,224,385,-0.72,0,0,10,0.5,6,0.980392,0.980392,0.980392,0.35,DEFAULT,-1,-1,-1,1,1,1,NONE,Default,0,1,cube/cube.obj,
cube_290,999,265,216,376,-0.72,0,0,10,0.5,6,0.980392,0.980392,0.980392,0.35,DEFAULT,-1,-1,-1,1,1,1,NONE,Default,0,1,cube/cube.obj,
cube_291,999,265,224,385,-0.72,0,0,10,0.5,6,0.980392,0.980392,0.980392,0.35,DEFAULT,-1,-1,-1,1,1,1,NONE,Default,0,1,cube/cube.obj,
cube_292,999,285,216,375,-0.72,0.1,0,10,0.5,6,0.980392,0.980392,0.980392,0.35,DEFAULT,-1,-1,-1,1,1,1,NONE,Default,0,1,cube/cube.obj,
cube_293,999,285,224,384,-0.72,0.1,0,10,0.5,6,0.980392,0.980392,0.980392,0.35,DEFAULT,-1,-1,-1,1,1,1,NONE,Default,0,1,cube/cube.obj,
cube_294,999,305,216,373,-0.72,0.12,0,10,0.5,6,0.980392,0.980392,0.980392,0.35,DEFAULT,-1,-1,-1,1,1,1,NONE,Default,0,1,cube/cube.obj,
cube_295,999,305,224,382,-0.72,0.12,0,10,0.5,6,0.980392,0.980392,0.980392,0.35,DEFAULT,-1,-1,-1,1,1,1,NONE,Default,0,1,cube/cube.obj,
cube_296,999,325,216,371,-0.72,0.14,0,10,0.5,6,0.980392,0.980392,0.980392,0.35,DEFAULT,-1,-1,-1,1,1,1,NONE,Default,0,1,cube/cube.obj,
cube_297,999,325,224,380,-0.72,0.14,0,10,0.5,6,0.980392,0.980392,0.980392,0.35,DEFAULT,-1,-1,-1,1,1,1,NONE,Default,0,1,cube/cube.obj,
cube_298,999,418,124,267,0,0,0,2,0.5,2,0.55,0.55,0.55,0.15,DEFAULT,-1,-1,-1,1,1,1,OnOffComponent,OnOffShader,1,1,cube/cube.obj,1,1,0.2,-0.3,0.2
cube_140,999,414,124,263,0,0,0,2,0.5,2,0.55,0.55,0.55,0.15,DEFAULT,-1,-1,-1,1,1,1,OnOffComponent,OnOffShader,1,1,cube/cube.obj,1,1,0.2,-0.3,0.2
cube_299,999,402,124,259,0,0,0,2,0.5,2,0.55,0.55,0.55,0.15,DEFAULT,-1,-1,-1,1,1,1,NONE,Default,1,1,cube/cube.obj,
cube_125,999,398,126,289,0,1.571,1.571,2,0.5,2,1,0,0,1,DEFAULT,-1,-1,-1,1,1,1,OnOffComponent,OnOffShader,0,1,cube/cube.obj,1,0,0.2,-0.3,0.2
cube_301,999,398,125,257,0,1.571,1.571,2,0.5,2,0.55,0.55,0.55,0.15,DEFAULT,-1,-1,-1,1,1,1,OnOffComponent,OnOffShader,1,1,cube/cube.obj,1,1,0.2,-0.3,0.2
cube_302,999,410,125,223,0,1.571,1.571,2,0.5,2,0.55,0.55,0.55,0.15,DEFAULT,-1,-1,-1,1,1,1,OnOffComponent,OnOffShader,1,1,cube/cube.obj,1,1,0.2,-0.3,0.2
cube_303,999,405,126,212,0,1.571,1.571,2,0.5,2,1,0,0,1,DEFAULT,-1,-1,-1,1,1,1,OnOffComponent,OnOffShader,0,1,cube/cube.obj,1,0,0.2,-0.3,0.2
cube_304,999,413,126,235,0,0,1.571,2,0.5,2,1,0,0,1,DEFAULT,-1,-1,-1,1,1,1,OnOffComponent,OnOffShader,0,1,cube/cube.obj,1,0,0.2,-0.3,0.2
cube_305,999,414,126,261,0,1.571,1.571,2,0.5,2,1,0,0,1,DEFAULT,-1,-1,-1,1,1,1,OnOffComponent,OnOffShader,0,1,cube/cube.obj,1,0,0.2,-0.3,0.2
cube_306,999,422,126,265,0,1.571,1.571,2,0.5,2,1,0,0,1,DEFAULT,-1,-1,-1,1,1,1,OnOffComponent,OnOffShader,0,1,cube/cube.obj,1,0,0.2,-0.3,0.2
cube_307,999,402,124,315,0,0,0,2,0.5,2,1,0,0,1,DEFAULT,-1,-1,-1,1,1,1,NONE,Default,0,1,cube/cube.obj,
cube_308,999,398,126,313,0,1.571,1.571,2,0.5,2,1,0,0,1,DEFAULT,-1,-1,-1,1,1,1,OnOffComponent,OnOffShader,0,1,cube/cube.obj,1,0,0.2,-0.3,0.2
cube_309,999,290,183,91,0,0,0,3,0.5,3,1,0,0,1,DEFAULT,-1,-1,-1,1,1,1,MovingLift,Default,0,1,cube/cube.obj,0,1,28,5,290,183,91
cube_310,999,4,178,382,0,0,0,3,1,3,0.171184,0.671569,0.391942,1,DEFAULT,-1,-1,-1,1,1,1,RespawnPoint,JumpPadEnergy,0,1,cube/cube.obj,10,2,0
Slope_4,999,-2,182,382,0,-1.571,0,3,3,3,1,1,1,1,DEFAULT,-1,-1,-1,1,1,1,NONE,Default,0,1,Slope/Slope.obj,
Slope_5,999,4,180,388,0,0,0,3,1,3,1,1,1,1,DEFAULT,-1,-1,-1,1,1,1,NONE,Default,0,1,Slope/Slope.obj,
Slope_6,999,4,180,376,0,3.14,0,3,1,3,1,1,1,1,DEFAULT,-1,-1,-1,1,1,1,NONE,Default,0,1,Slope/Slope.obj,
cube_311,999,343,214,364,-0.72,0.36,0,10,0.5,6,0.980392,0.980392,0.980392,0.35,DEFAULT,-1,-1,-1,1,1,1,NONE,Default,0,1,cube/cube.obj,
cube_312,999,340,206,356,-0.72,0.36,0,10,0.5,6,0.980392,0.980392,0.980392,0.35,DEFAULT,-1,-1,-1,1,1,1,NONE,Default,0,1,cube/cube.obj,
cube_313,999,360,214,358,-0.72,0.36,0,10,0.5,6,0.980392,0.980392,0.980392,0.35,DEFAULT,-1,-1,-1,1,1,1,NONE,Default,0,1,cube/cube.obj,
cube_314,999,357,206,350,-0.72,0.36,0,10,0.5,6,0.980392,0.980392,0.980392,0.35,DEFAULT,-1,-1,-1,1,1,1,NONE,Default,0,1,cube/cube.obj,
cube_315,999,377,210,345,-0.72,0.5,0.09,10,0.5,11.7,0.980392,0.980392,0.980392,0.35,DEFAULT,-1,-1,-1,1,1,1,NONE,Default,0,1,cube/cube.obj,
cube_316,999,390,209,333,-0.72,0.74,0,10.2,0.5,21.9,0.980392,0.980392,0.980392,0.35,DEFAULT,-1,-1,-1,1,1,1,NONE,Default,0,1,cube/cube.obj,
Ring_7,999,393,205,325,0.13,-0.71,0,3,3,1,1,1,1,1,DEFAULT,-1.25,-1.25,-0.25,1.25,1.25,0.25,BoostRing,Default,0,0,parts/Ring.obj,1.34,0.25,0.1,1.5,1.35,0.15,0.3
cube_318,999,428,206,269,-0.72,1.26,0,39.7,0.5,27.6,0.980392,0.980392,0.980392,0.35,DEFAULT,-1,-1,-1,1,1,1,NONE,Default,0,1,cube/cube.obj,
cube_319,999,414,207,313,-0.72,1.05,0,10,0.5,14.4,0.980392,0.980392,0.980392,0.35,DEFAULT,-1,-1,-1,1,1,1,NONE,Default,0,1,cube/cube.obj,
Ring_8,999,346,206,350,0.24,-1.37,-0.08,3,3,1,1,1,1,1,DEFAULT,-1.25,-1.25,-0.25,1.25,1.25,0.25,BoostRing,Default,0,0,parts/Ring.obj,1.34,0.25,0.1,1.5,1.35,0.15,0.3
Ring_9,999,414,198,278,0.36,0,0,3,3,1,1,1,1,1,DEFAULT,-1.25,-1.25,-0.25,1.25,1.25,0.25,BoostRing,Default,0,0,parts/Ring.obj,1.34,0.25,0.1,1.5,1.35,0.15,0.3
cube_321,999,423,196,214,-0.86,2.04,0,21.8,0.5,11.3,0.980392,0.980392,0.980392,0.35,DEFAULT,-1,-1,-1,1,1,1,NONE,Default,1,1,cube/cube.obj,
Ring_10,999,410,192,201,0.62,0.79,-0.22,3,3,1,1,1,1,1,DEFAULT,-1.25,-1.25,-0.25,1.25,1.25,0.25,BoostRing,Default,0,0,parts/Ring.obj,1.34,0.25,0.1,1.5,3,0.15,0.3
Ring_11,999,418,201,201,0.54,0.77,-0.25,2,2,1,1,1,1,1,DEFAULT,-1.25,-1.25,-0.25,1.25,1.25,0.25,BoostRing,Default,0,0,parts/Ring.obj,1.34,0.25,0.1,1.5,2.9,0.15,0.3
cube_320,999,327,270,56,1.08,0.23,0,72.1,0.5,42.4,0.980392,0.980392,0.980392,0.35,DEFAULT,-1,-1,-1,1,1,1,NONE,Default,0,1,cube/cube.obj,
cube_317,999,131,264,63,3.41,0.7,0,20.2,0.5,8.5,1,1,1,1,DEFAULT,-1,-1,-1,1,1,1,NONE,Default,0,1,cube/cube.obj,
cube_322,999,142,264,76,-3.41,0.7,0,19.4,0.5,8.5,1,1,1,1,DEFAULT,-1,-1,-1,1,1,1,NONE,Default,0,1,cube/cube.obj,
cube_323,999,108,263,102,-3.41,0.7,0,19.4,0.5,8.5,1,1,1,1,DEFAULT,-1,-1,-1,1,1,1,NONE,Default,0,1,cube/cube.obj,
cube_324,999,97,263,90,3.41,0.7,0,20.2,0.5,8.5,1,1,1,1,DEFAULT,-1,-1,-1,1,1,1,NONE,Default,0,1,cube/cube.obj,
cube_325,999,77,263,128,-3.41,0.7,0,19.4,0.5,8.5,1,1,1,1,DEFAULT,-1,-1,-1,1,1,1,NONE,Default,0,1,cube/cube.obj,
cube_326,999,66,263,116,3.41,0.7,0,20.2,0.5,8.5,1,1,1,0.35,DEFAULT,-1,-1,-1,1,1,1,NONE,Default,0,1,cube/cube.obj,
cube_327,999,38,262,153,3.61,0.91,0.1,20.2,0.5,8.5,1,1,1,1,DEFAULT,-1,-1,-1,1,1,1,NONE,Default,0,1,cube/cube.obj,
cube_328,999,51,259,162,-3.2,0.96,0.1,19.4,0.5,8.5,1,1,1,0.35,DEFAULT,-1,-1,-1,1,1,1,NONE,Default,0,1,cube/cube.obj,
cube_329,999,14,268,195,4.12,1.37,0.07,20.2,0.5,8.5,1,1,1,0.35,DEFAULT,-1,-1,-1,1,1,1,NONE,Default,0,1,cube/cube.obj,
cube_330,999,26,262,198,-3.15,-1.73,-0.07,19.2,0.5,8.5,1,1,1,1,DEFAULT,-1,-1,-1,1,1,1,NONE,Default,0,1,cube/cube.obj,
cube_331,999,23,268,266,4.39,2.69,0.07,30,0.5,17,1,1,1,1,DEFAULT,-1,-1,-1,1,1,1,NONE,Default,1,1,cube/cube.obj,
Ring_12,999,102,266,106,0,2.301,0,4,4,1,1,1,1,1,DEFAULT,-1.25,-1.25,-0.25,1.25,1.25,0.25,BoostRing,Default,0,0,parts/Ring.obj,1.2,0.25,0.1,1.28,1.65,0,0.3
Ring_13,999,123,266,72,0,2.301,0,4,4,1,1,1,1,1,DEFAULT,-1.25,-1.25,-0.25,1.25,1.25,0.25,BoostRing,Default,0,0,parts/Ring.obj,1.2,0.25,0.1,1.28,1.65,0,0.3
Ring_14,999,26,266,212,0,3.041,0,4,4,1,1,1,1,1,DEFAULT,-1.25,-1.25,-0.25,1.25,1.25,0.25,BoostRing,Default,0,0,parts/Ring.obj,1.2,0.25,0.1,1.28,1.65,0,0.3
Ring_15,999,44,265,266,0.52,4.651,0,5,5,1,1,1,1,1,DEFAULT,-1.25,-1.25,-0.25,1.25,1.25,0.25,BoostRing,JumpPadEnergy,0,0,parts/Ring.obj,1.2,0.25,0.1,1.28,2.34,0,0.3
Ring_16,999,33.7,268,156,-0.06,2.981,0,4,4,1,1,1,1,1,DEFAULT,-1.25,-1.25,-0.25,1.25,1.25,0.25,BoostRing,Default,0,0,parts/Ring.obj,1.2,0.25,0.1,1.28,1.02,0,0.3
Ring_18,999,132,267,84,0,2.301,0,4,4,1,1,1,1,1,DEFAULT,-1.25,-1.25,-0.25,1.25,1.25,0.25,BoostRing,Default,0,0,parts/Ring.obj,1.2,0.25,0.1,1.28,1.65,0,0.3
Ring_19,999,53,267,269,0.52,4.651,0,5,5,1,1,1,1,1,DEFAULT,-1.25,-1.25,-0.25,1.25,1.25,0.25,BoostRing,JumpPadEnergy,0,0,parts/Ring.obj,1.2,0.25,0.1,1.28,2.34,0,0.3
Ring_21,999,78,274,269,0.52,4.651,0,5,5,1,1,1,1,1,DEFAULT,-1.25,-1.25,-0.25,1.25,1.25,0.25,BoostRing,JumpPadEnergy,0,0,parts/Ring.obj,1.2,0.25,0.1,1.28,2.34,0,0.3
Ring_22,999,86,277,270,0.52,4.651,0,5,5,1,1,1,1,1,DEFAULT,-1.25,-1.25,-0.25,1.25,1.25,0.25,BoostRing,JumpPadEnergy,0,0,parts/Ring.obj,1.2,0.25,0.1,1.28,2.34,0,0.3
cube_333,999,242,327,247,4.46,4.7,0.07,46.6,0.5,34.3,1,1,1,1,DEFAULT,-1,-1,-1,1,1,1,NONE,Skinning,0,1,cube/cube.obj,
cube_332,999,124,275,56,4.57,0.7,0,20.2,0.5,8.5,1,1,1,1,DEFAULT,-1,-1,-1,1,1,1,NONE,Default,0,1,cube/cube.obj,
cube_334,999,91,274,83,4.41,0.7,0,20.2,0.5,8.5,1,1,1,1,DEFAULT,-1,-1,-1,1,1,1,NONE,Default,0,1,cube/cube.obj,
cube_335,999,59,274,108,4.21,0.7,0,20.2,0.5,8.5,1,1,1,0.35,DEFAULT,-1,-1,-1,1,1,1,NONE,Default,0,1,cube/cube.obj,
cube_336,999,29,272,146,4.15,0.91,0.1,20.2,0.5,8.5,1,1,1,1,DEFAULT,-1,-1,-1,1,1,1,NONE,Default,0,1,cube/cube.obj,
Ring_17,999,13,270,209,0,3.371,-0.12,4,4,1,1,1,1,1,DEFAULT,-1.25,-1.25,-0.25,1.25,1.25,0.25,BoostRing,Default,0,0,parts/Ring.obj,1.2,0.25,0.1,1.28,1.65,0,0.3
cylinder_5,999,398,125,219,0,0,0,1,1.2,1,1,0,0,1,DEFAULT,-1,-1.5,-1,1,1.5,1,OnOffComponent,TimedBlock,0,1,Cylinder/cylinder.obj,0,0,0.2,-0.3,0.2
cylinder_7,999,217,302.2,240,0,64.6012,0,28,1,28,1,0,0,1,DEFAULT,-1,-1.5,-1,1,1.5,1,Goal,EnergyCylinder,0,1,parts/cylinder.obj,0
cube_221,999,430,124,267,0,0,0,2,0.5,2,1,1,1,1,DEFAULT,-1,-1,-1,1,1,1,NONE,Default,0,1,cube/cube.obj,
cube_242,999,430,124,271,0,0,0,2,0.5,2,1,1,1,1,DEFAULT,-1,-1,-1,1,1,1,NONE,Default,0,1,cube/cube.obj,
cube_243,999,418,124,307,0,0,0,2,0.5,2,1,1,1,1,DEFAULT,-1,-1,-1,1,1,1,NONE,Default,0,1,cube/cube.obj,
cube_253,999,418,124,303,0,0,0,2,0.5,2,1,1,1,1,DEFAULT,-1,-1,-1,1,1,1,NONE,Default,0,1,cube/cube.obj,
Ring_23,999,96,283,270,0.75,4.941,0,5,5,1,1,1,1,1,DEFAULT,-1.25,-1.25,-0.25,1.25,1.25,0.25,BoostRing,JumpPadEnergy,0,0,parts/Ring.obj,1.2,0.25,0.1,1.28,2.44,0,0.3
